{"id":"data","reports":[{"recovered":200,"date":"2020-02-29T05:48:26.940Z","dead":1,"id":"nxdeTQWvM2n6OpQrPS6o","createdAt":"2020-02-29T05:48:26.388Z","hide":false,"infected":245,"placeId":"0x2HLhr5z5xAtEdO4iZm"},{"date":"2020-02-28T23:29:02.090Z","dead":"0","id":"DGWNM75he5527mJB7Saa","createdAt":"2020-02-28T23:29:00.319Z","hide":false,"infected":1,"placeId":"19MvIhipqTyYv1H37Upw","recovered":"0"},{"hide":false,"infected":18,"placeId":"1Fap7rZu9SIRqf5TG9Dg","recovered":18,"date":"2020-02-29T05:52:50.768Z","dead":0,"id":"TVRDaKf3bmcC3gzoUTcY","createdAt":"2020-02-29T05:52:50.188Z"},{"id":"BjeiFlR51fkXWV8YIyow","createdAt":"2020-02-28T23:50:42.070Z","hide":false,"infected":"1","placeId":"1f0YoV0vAcexEhpESyZc","recovered":0,"date":"2020-02-28T23:50:43.954Z","dead":0},{"date":"2020-02-29T07:41:49.109Z","dead":0,"id":"CO8zeimhrC0AScF7SGhp","createdAt":"2020-02-29T07:41:48.016Z","hide":false,"infected":1,"placeId":"25qIBtsW2nfQj3pwBKg9","recovered":1},{"date":"2020-02-29T05:45:39.655Z","dead":1,"id":"TL89By0jycxGyhkfcqaD","createdAt":"2020-02-29T05:45:38.907Z","hide":false,"infected":93,"placeId":"2jxHvSsxdnom0nPNvOT8","recovered":73},{"id":"BajKZIsvXB2jGhAgg5zW","createdAt":"2020-02-28T06:50:45.650Z","hide":false,"infected":1,"placeId":"3iHgRIbQrp38bBH9EBR4","date":"2020-02-28T06:50:45.650Z"},{"recovered":3,"date":"2020-02-29T07:39:24.302Z","dead":0,"id":"clAZML1KFcxZ19ec2L1o","createdAt":"2020-02-29T07:39:23.654Z","hide":false,"infected":7,"placeId":"4hfZRUoUgI4a3vrG0GBk"},{"date":"2020-02-29T05:55:24.993Z","dead":0,"id":"p9D6MdV8P0Irt7McI4DX","createdAt":"2020-02-29T05:55:24.489Z","hide":false,"infected":4,"placeId":"5N16a2OXXRpsEFanw0TC","recovered":4},{"hide":false,"infected":1,"placeId":"5dWKyF370Ds0uenLz4Z5","recovered":0,"date":"2020-02-29T07:46:12.640Z","dead":0,"id":"1xrb45Pd1LupqDolm65W","createdAt":"2020-02-29T07:46:11.527Z"},{"date":"2020-02-29T05:55:06.338Z","dead":0,"id":"CsDXm61hSDtilXr2kqEu","createdAt":"2020-02-29T05:55:05.776Z","hide":false,"infected":1,"placeId":"5gXZIjRgAvd6xWN1LOv8","recovered":1},{"hide":false,"infected":3,"placeId":"5pwmh7aSdGRKqRbnuyc0","recovered":2,"date":"2020-02-29T07:41:34.187Z","dead":1,"id":"RXRw6MB5oes6mqc5qrb9","createdAt":"2020-02-29T07:41:33.210Z"},{"date":"2020-02-28T03:06:49.199Z","id":"RvG04ta8JbkIVGkdzuiM","createdAt":"2020-02-28T03:06:49.199Z","hide":false,"infected":1,"placeId":"694ON7d0mRJDeM1gHBTR"},{"recovered":30,"date":"2020-02-29T05:50:19.489Z","dead":2,"id":"hjsdurlLQ0tFr3ptWLjQ","createdAt":"2020-02-29T05:50:18.972Z","hide":false,"infected":94,"placeId":"6IcHIIH0zXpY0POmBZTv"},{"date":"2020-02-28T02:53:07.913Z","id":"QDWr75iUnOkeKLxXoEOE","createdAt":"2020-02-28T02:53:07.913Z","hide":false,"infected":7,"placeId":"8KDrCoMbr5HHZpp5bBIv"},{"date":"2020-01-28T04:22:00.000Z","id":"fbz5OUDZ5XY1zCYOSUF4","createdAt":"2020-01-28T04:22:42.006Z","hide":false,"infected":null,"placeId":"8kJbmtKeZeZmPUty7PWv","source":"https://www.cdc.gov/coronavirus/2019-ncov/locations-confirmed-cases.html"},{"hide":false,"infected":98,"placeId":"8pA3fM4xC2c2wv1b4TnE","recovered":69,"date":"2020-02-29T05:53:10.901Z","dead":0,"id":"6LZRB7YMAm6GeMCOw7k5","createdAt":"2020-02-29T05:53:10.476Z"},{"hide":false,"infected":"3","placeId":"9QcETqEcM2fTv9zRvx5T","recovered":"0","date":"2020-02-28T23:30:35.194Z","dead":"0","id":"xCr9dSeFvNYLj0t3B60o","createdAt":"2020-02-28T23:30:33.282Z"},{"date":"2020-02-29T07:41:00.814Z","dead":0,"id":"0tvOoJSnoUC2NKsYLk3Y","createdAt":"2020-02-29T07:40:59.765Z","hide":false,"infected":3,"placeId":"9p6OCdZbUUwBLA60Gk3W","recovered":1},{"hide":false,"infected":935,"placeId":"AmBYm5J6E9Cuez1FQjiN","recovered":811,"date":"2020-02-29T05:38:57.304Z","dead":1,"id":"qVJ044arPSauvMpMqCIM","createdAt":"2020-02-29T05:38:56.850Z"},{"hide":false,"infected":1,"placeId":"AwN0CScPDApcLFgz6e3z","date":"2020-02-28T03:02:48.717Z","id":"5ZmD6QAEXAARNsVY0IYc","createdAt":"2020-02-28T03:02:48.717Z"},{"recovered":3,"date":"2020-02-29T07:41:16.161Z","dead":0,"id":"dGfvUn8MaHh8UHIrjug0","createdAt":"2020-02-29T07:41:15.378Z","hide":false,"infected":3,"placeId":"B05tcRxZlMUSyed5WcAA"},{"date":"2020-02-28T02:56:21.188Z","id":"4maBeiKehv1OylJvIGFL","createdAt":"2020-02-28T02:56:21.188Z","hide":false,"infected":3,"placeId":"B82Ef45M8cDu4q7VsSHF"},{"date":"2020-02-28T02:47:26.945Z","id":"CanWv4ndCymyp7hWEAzq","createdAt":"2020-02-28T02:47:26.943Z","hide":false,"infected":42,"placeId":"BCFAwm0wjOZlbPfnttGd"},{"date":"2020-02-29T05:56:28.508Z","dead":0,"id":"KVaudf2W4ffNiXan3TRd","createdAt":"2020-02-29T05:56:28.199Z","hide":false,"infected":1,"placeId":"BTEESCuD2ZbS1afunR2A","recovered":1},{"date":"2020-02-28T02:48:15.791Z","id":"l0D248KqA2jVrGRSnCWS","createdAt":"2020-02-28T02:48:15.790Z","hide":false,"infected":33,"placeId":"C7cj4nwRITs13KnaJrQ2"},{"hide":false,"placeId":"CK8KjeQLH6mLRhteAo3x","date":"2020-02-26T05:21:00.226Z","id":"i2KZNNZAvI8OzjX8Flxk","createdAt":"2020-02-26T05:21:00.226Z"},{"date":"2020-02-28T03:03:48.800Z","id":"HNScfbuYMIJsJFEHUXqv","createdAt":"2020-02-28T03:03:48.800Z","hide":false,"infected":1,"placeId":"CRpAXKi8KuqbY7tGx7OW"},{"hide":false,"infected":20,"placeId":"CrXu6i5Sqx11iwdfHfBs","recovered":8,"date":"2020-02-29T07:43:47.370Z","dead":null,"id":"FwHL9EeJGisYnUiLJDhN","createdAt":"2020-02-29T07:43:46.354Z"},{"date":"2020-02-29T05:53:25.281Z","dead":0,"id":"AaBefj5iLJ8p3mFXkT1k","createdAt":"2020-02-29T05:53:24.774Z","hide":false,"infected":10,"placeId":"DdBt8qsG6A3g92oOR3ow","recovered":8},{"date":"2020-02-28T23:51:40.685Z","dead":0,"id":"6FT36qq1VAgG7F1cawph","createdAt":"2020-02-28T23:51:38.565Z","hide":false,"infected":"4","placeId":"Dtr1lap1RpJpXJdXGJiW","recovered":0},{"date":"2020-02-29T05:51:01.031Z","dead":1,"id":"0CRIXNCpwO4x7Uqrmxsx","createdAt":"2020-02-29T05:51:00.425Z","hide":false,"infected":34,"placeId":"EKTfs8e7M6DXzI1HqyyX","recovered":9},{"date":"2020-02-28T03:02:36.802Z","id":"64YNMTiV1ZWKTcRqVw5e","createdAt":"2020-02-28T03:02:36.802Z","hide":false,"infected":1,"placeId":"FCDmlmnIIswd8bQiUjfN"},{"date":"2020-02-29T05:36:47.353Z","dead":6,"id":"2S28d8DcKIDPdhcW2oh4","createdAt":"2020-02-29T05:36:46.649Z","hide":false,"infected":576,"placeId":"FErOU1m4Tj7jIkRam3vF","recovered":422},{"recovered":1,"date":"2020-02-29T07:39:56.344Z","dead":0,"id":"RoexqGxHkW5yyBfgjpLY","createdAt":"2020-02-29T07:39:55.710Z","hide":false,"infected":1,"placeId":"FPXo9Qg11kAScF5JbHWD"},{"date":"2020-02-28T02:46:50.403Z","id":"IC18yJgU1Edf0ldQDFkH","createdAt":"2020-02-28T02:46:50.402Z","hide":false,"infected":43,"placeId":"FZsUkhxBEgqsPb4eO0PN"},{"date":"2020-02-28T23:50:26.446Z","dead":0,"id":"TuvSqUmuRqK5SY1SVr5r","createdAt":"2020-02-28T23:50:24.221Z","hide":false,"infected":"2","placeId":"GAp7Wb6IMhdgbvEtMza9","recovered":0},{"recovered":5,"date":"2020-02-29T07:40:28.612Z","dead":0,"id":"Z6kHLlbsMDD0IMniDsS4","createdAt":"2020-02-29T07:40:27.725Z","hide":false,"infected":19,"placeId":"GHzBIsHy2GiBc5JV2HMs"},{"date":"2020-02-29T07:46:45.727Z","dead":0,"id":"H0FZfzqAIdKAzublDUEY","createdAt":"2020-02-29T07:46:45.085Z","hide":false,"infected":3,"placeId":"Gh46r6vuaY7fbGt3IboN","recovered":1},{"date":"2020-02-29T07:46:27.234Z","dead":0,"id":"o2UhiwgNpc5mAxzOHLEA","createdAt":"2020-02-29T07:46:26.098Z","hide":false,"infected":1,"placeId":"GyRw3erENO83NSxsZ1Iw","recovered":0},{"date":"2020-02-29T05:48:55.094Z","dead":0,"id":"DaxvlwVg0ElIExoINTuk","createdAt":"2020-02-29T05:48:54.543Z","hide":false,"infected":75,"placeId":"H3JeVigVbo5CSYfZG4WI","recovered":46},{"date":"2020-02-28T02:52:09.765Z","id":"gzlGark9zXMfQKhVaBNe","createdAt":"2020-02-28T02:52:09.765Z","hide":false,"infected":8,"placeId":"HCJLmlW1FaP5M0dScRWb"},{"hide":false,"infected":1349,"placeId":"IAX0OQLVnUwU7FX0ENF1","recovered":972,"date":"2020-02-29T05:39:26.891Z","dead":7,"id":"kGqUFNf3PqWs5amr7flg","createdAt":"2020-02-29T05:39:26.407Z"},{"recovered":1161,"date":"2020-02-29T05:37:26.916Z","dead":21,"id":"3azvWNs8KOagbTVAuofI","createdAt":"2020-02-29T05:37:26.183Z","hide":false,"infected":1272,"placeId":"IFuMrMvSjoiX5agYvllh"},{"hide":false,"infected":1,"placeId":"IaIoFRxP77clckBXWQyl","recovered":1,"date":"2020-02-29T07:47:02.588Z","dead":0,"id":"AJNH10fZ7hFZlzCp2fnb","createdAt":"2020-02-29T07:47:01.517Z"},{"date":"2020-02-29T07:37:34.095Z","dead":0,"id":"iLmnH0W7GeCgDdf4KYWm","createdAt":"2020-02-29T07:37:33.402Z","hide":false,"infected":1,"placeId":"KsWzJO06cf0d6LJ4ZNh9","recovered":1},{"hide":false,"infected":2,"placeId":"KwOuGBKSMRlmwftxAvLX","recovered":2,"date":"2020-02-29T07:44:03.114Z","dead":0,"id":"7j6zi58V0EbcGxaKnSLm","createdAt":"2020-02-29T07:44:02.332Z"},{"recovered":5,"date":"2020-02-28T02:51:55.986Z","id":"30KqqLiK3aIxFXFhrTun","createdAt":"2020-02-28T02:51:55.985Z","hide":false,"infected":8,"placeId":"LFMpTCKtIFYDAW2pppLo"},{"date":"2020-02-29T07:45:58.246Z","dead":0,"id":"kbkrGDGcYGRn322rf405","createdAt":"2020-02-29T07:45:56.400Z","hide":false,"infected":2,"placeId":"LMZDH0M8KhjEgkOoUUOt","recovered":1},{"hide":false,"infected":72,"placeId":"MntmjjuHljarCdt6aIeE","recovered":68,"date":"2020-02-29T05:51:53.166Z","dead":0,"id":"l15Rhj54XYhtptHwq3p4","createdAt":"2020-02-29T05:51:52.681Z"},{"date":"2020-02-29T05:48:40.303Z","dead":0,"id":"2p7qEDphmN0ATT7Wm3ZL","createdAt":"2020-02-29T05:48:39.663Z","hide":false,"infected":133,"placeId":"NBRIGIRrJB1Ry8prDNAC","recovered":112},{"date":"2020-02-29T05:54:26.641Z","dead":0,"id":"9h2QbHlnCKHWKALzTkUX","createdAt":"2020-02-29T05:54:26.078Z","hide":false,"infected":2,"placeId":"PTwQr9ijo0TBBsPH2sdJ","recovered":2},{"hide":false,"infected":4,"placeId":"Q18mrGvFWTLX2BU9SqhQ","recovered":4,"date":"2020-02-29T05:55:39.974Z","dead":0,"id":"JLV2TXczJbKeQyyBAJlA","createdAt":"2020-02-29T05:55:39.516Z"},{"date":"2020-02-28T23:27:17.230Z","dead":"0","id":"vTE8DDzQ5juAstpMNlyz","createdAt":"2020-02-28T23:27:14.956Z","hide":false,"infected":1,"placeId":"QR9go2hQKXjty7JHUYe4","recovered":0},{"date":"2020-02-29T07:48:01.769Z","dead":0,"id":"OGW9VyBn0YidAWnY95DT","createdAt":"2020-02-29T07:48:00.920Z","hide":false,"infected":6,"placeId":"Rx4TuyMpfGb3S8wYJX0x","recovered":2},{"date":"2020-02-28T02:52:23.733Z","id":"rLjjbwkrzCrJtIhSBwhs","createdAt":"2020-02-28T02:52:23.732Z","hide":false,"infected":8,"placeId":"SGe9sCPayMqh6RsGFaBA"},{"date":"2020-02-29T05:56:39.941Z","dead":0,"id":"3GconvVua5Xe0Q2CRIvx","createdAt":"2020-02-29T05:56:39.427Z","hide":false,"infected":1,"placeId":"SioMALgUbo7peXmbco2f","recovered":1},{"recovered":"0","date":"2020-02-28T23:28:25.356Z","dead":"0","id":"Isu2VqO26buxHTu3VB0M","createdAt":"2020-02-28T23:28:22.455Z","hide":false,"infected":1,"placeId":"Ty1AY3VLPJcRZgdBIERx"},{"date":"2020-02-29T05:47:23.012Z","dead":6,"id":"jVIw7PFlTVs7PxNisq7q","createdAt":"2020-02-29T05:47:22.471Z","hide":false,"infected":756,"placeId":"U0tkTJ9CGsBuFJ2Gdoum","recovered":411},{"hide":false,"infected":1,"placeId":"U12rMD5GDW58Q0lIwrB1","date":"2020-02-28T03:08:51.160Z","id":"VUGZaHD9BzFUPWBRPpnz","createdAt":"2020-02-28T03:08:51.160Z"},{"date":"2020-02-29T05:53:44.780Z","dead":5,"id":"0YJKXbb6wtreW4hfaA1l","createdAt":"2020-02-29T05:53:44.148Z","hide":false,"infected":234,"placeId":"U13Gy4BpRLAZ95bPmBXd","recovered":32},{"date":"2020-02-29T05:42:11.758Z","dead":2,"id":"CCEELCGKqYQvUq56etwI","createdAt":"2020-02-29T05:42:11.165Z","hide":false,"infected":174,"placeId":"VIf8T8PD3ZzlzAm5eBCX","recovered":156},{"date":"2020-02-24T11:57:20.193Z","id":"LA4DX35VA78ulKH9kAqk","createdAt":"2020-02-24T11:57:20.190Z","hide":false,"placeId":"WkRhpamJhX0WllwtMEUD"},{"hide":false,"infected":296,"placeId":"XBBw0iMPrmiEu3qogkbi","recovered":241,"date":"2020-02-29T05:39:52.919Z","dead":1,"id":"Ugzf7uShKvPPLgSPXUl4","createdAt":"2020-02-29T05:39:52.376Z"},{"date":"2020-02-29T07:37:53.445Z","dead":0,"id":"UEBj8TdDZCW4Uy2QTX6e","createdAt":"2020-02-29T07:37:52.578Z","hide":false,"infected":60,"placeId":"XWtMdKtp2HAFy68kPZLa","recovered":16},{"date":"2020-02-29T07:42:55.062Z","dead":21,"id":"bYc5LQBacavDFfXRNkzb","createdAt":"2020-02-29T07:42:54.426Z","hide":false,"infected":889,"placeId":"XdekMZcw1lJK2MWpBlNK","recovered":46},{"id":"SEYTf87rg1kHL7IoqDtL","createdAt":"2020-02-29T05:51:18.369Z","hide":false,"infected":2931,"placeId":"Yw9uBekNlefXBcOCNMfP","recovered":27,"date":"2020-02-29T05:51:18.745Z","dead":17},{"date":"2020-02-26T05:21:11.512Z","id":"gFZDqbPm55MPhLXqRiIR","createdAt":"2020-02-26T05:21:11.512Z","hide":false,"placeId":"ZigOWe3u3sF64IWTTBN1"},{"date":"2020-02-29T07:45:26.457Z","dead":0,"id":"HPzJFVkutmPmeAdTkfkC","createdAt":"2020-02-29T07:45:25.651Z","hide":false,"infected":3,"placeId":"a9p9pAOsjg1WAjPGc2a6","recovered":2},{"id":"3mAYz55CcziHL2NxkVV4","createdAt":"2020-02-29T05:40:16.425Z","hide":false,"infected":252,"placeId":"aTa8MiBjtH3iY0SRs2HQ","recovered":172,"date":"2020-02-29T05:40:17.162Z","dead":2},{"date":"2020-02-29T05:43:18.283Z","dead":8,"id":"ceO6AwwI9lhZgkJv3z5h","createdAt":"2020-02-29T05:43:17.649Z","hide":false,"infected":411,"placeId":"alj4hkxg9cjrTxOzwFKt","recovered":271},{"hide":false,"infected":7,"placeId":"b7TwXX46FA0EmH1CjHET","date":"2020-02-28T02:52:56.007Z","id":"tPD4e5ov4ZqCShZHqPHZ","createdAt":"2020-02-28T02:52:56.007Z"},{"hide":false,"infected":25,"placeId":"bdqD4kpdqGgUaX70Tm2Q","recovered":20,"date":"2020-02-29T07:38:56.597Z","dead":0,"id":"bjpU8izJXOOON4CP0oVa","createdAt":"2020-02-29T07:38:55.482Z"},{"date":"2020-02-29T07:45:00.266Z","dead":0,"id":"PRzyP6kurDFCnN1UYazl","createdAt":"2020-02-29T07:44:59.182Z","hide":false,"infected":11,"placeId":"bignnyt2A8BBx8VNo32p","recovered":0},{"recovered":1,"date":"2020-02-28T02:56:03.732Z","id":"ZCE27dG6afSRBjBv9RRb","createdAt":"2020-02-28T02:56:03.732Z","hide":false,"infected":3,"placeId":"cX891t0ONLNFj0MYq6La"},{"hide":false,"infected":33,"placeId":"d0ExINgPaWUBm3l4ioJL","recovered":2,"date":"2020-02-29T07:45:14.399Z","dead":0,"id":"dJ5DP8CKlpHcRWASXyMH","createdAt":"2020-02-29T07:45:13.360Z"},{"hide":false,"infected":5,"placeId":"e3BtI12qbqhE8jypOoZu","date":"2020-02-28T02:54:02.703Z","id":"q8cWaVnYHBtvhum198Lc","createdAt":"2020-02-28T02:54:02.703Z"},{"recovered":95,"date":"2020-02-29T05:44:24.445Z","dead":1,"id":"DfBa7K5uEY1o0nwJ2Qc6","createdAt":"2020-02-29T05:44:23.477Z","hide":false,"infected":121,"placeId":"e7P83iImanpd9r36oXK3"},{"hide":false,"infected":337,"placeId":"e9pQqQa7CEblCYoDtfKo","recovered":279,"date":"2020-02-29T05:41:02.620Z","dead":3,"id":"NjfWZ9EiAOfj2T8eLWdd","createdAt":"2020-02-29T05:41:02.057Z"},{"date":"2020-02-29T07:45:39.682Z","dead":0,"id":"MaOO5etADJsdJ1NYg5wz","createdAt":"2020-02-29T07:45:38.670Z","hide":false,"infected":1,"placeId":"eCKDGssww4pF7NrxOySu","recovered":1},{"date":"2020-02-29T05:41:20.771Z","dead":3,"id":"nlNSkNLV8AhOFdbaR2aw","createdAt":"2020-02-29T05:41:20.172Z","hide":false,"infected":538,"placeId":"eyK5bxFkwdoAouIBvLFM","recovered":350},{"id":"Bij5VDj3eVdgmhn8UUya","createdAt":"2020-02-28T02:53:22.576Z","hide":false,"infected":6,"placeId":"f9kmlhYtc3WA3kjbWszW","date":"2020-02-28T02:53:22.577Z"},{"id":"B8JGKHs7Wj2zukYbiCAk","createdAt":"2020-02-28T02:34:47.880Z","hide":false,"infected":705,"placeId":"fNnE9CD0SttEVrCUo1Ym","recovered":10,"date":"2020-02-28T02:34:47.881Z","dead":4},{"date":"2020-02-29T04:37:58.525Z","dead":2727,"id":"Ru1XdlRWL8MC8GebDcUB","createdAt":"2020-02-29T04:37:58.525Z","hide":false,"infected":66337,"placeId":"fiJ14DCxw15e3SMemh8R","recovered":28895},{"date":"2020-02-28T03:07:30.161Z","id":"8h9ZJcVCIUZ3zNKtkYpq","createdAt":"2020-02-28T03:07:30.161Z","hide":false,"infected":1,"placeId":"g0lRMtEJbucWIGqSPn0I"},{"date":"2020-02-28T02:51:12.905Z","id":"12nMNv0a3DRn4qeIYkJF","createdAt":"2020-02-28T02:51:12.905Z","hide":false,"infected":12,"placeId":"g8k9VYNoQVMEeAh4yIHC"},{"date":"2020-02-29T07:47:44.312Z","dead":0,"id":"wJxsyRz7FKRIchGXgXhf","createdAt":"2020-02-29T07:47:43.553Z","hide":false,"infected":1,"placeId":"g93vYzplUjSlZyA1PNCo","recovered":1},{"hide":false,"infected":91,"placeId":"iGkTscdD0XyHFSP23Qrp","recovered":82,"date":"2020-02-29T05:42:42.525Z","dead":2,"id":"E5akr1qun6uHcBVe05Od","createdAt":"2020-02-29T05:42:41.773Z"},{"recovered":105,"date":"2020-02-29T05:44:51.501Z","dead":3,"id":"8nqLwsGikhTkdE3MYBl0","createdAt":"2020-02-29T05:44:50.652Z","hide":false,"infected":136,"placeId":"jMlHjIOb7eMPSxFBrmG1"},{"id":"iDKxCr4QXkj6iMy8Xob3","createdAt":"2020-02-29T05:50:42.570Z","hide":false,"infected":76,"placeId":"lhPjpn6CzqTRDN0RW8uE","recovered":52,"date":"2020-02-29T05:50:43.150Z","dead":3},{"date":"2020-02-28T03:00:34.118Z","id":"6dXZhot7lea85OOmiguk","createdAt":"2020-02-28T03:00:34.118Z","hide":false,"infected":1,"placeId":"lttI3X3Jk2hd5f6zhIcL"},{"recovered":1,"date":"2020-02-28T02:57:44.019Z","id":"upbQ4M9KnDXRUMjgUmGH","createdAt":"2020-02-28T02:57:44.019Z","hide":false,"infected":2,"placeId":"lzqBStWQPkPIcDqa4tcZ"},{"date":"2020-02-28T03:05:13.763Z","id":"bZBIpqgH4P5tFS0woAW9","createdAt":"2020-02-28T03:05:13.763Z","hide":false,"infected":1,"placeId":"mxm13QBEr08fqoy6pfUN"},{"id":"BPtbpiLxmUhzK89hCAwI","createdAt":"2020-02-29T07:40:41.172Z","hide":false,"infected":5,"placeId":"oxz2l1rJipCsfMfy8Mmk","recovered":2,"date":"2020-02-29T07:40:41.625Z","dead":0},{"id":"ExKT6RM63Poa5qHjJOMt","createdAt":"2020-02-29T05:44:39.769Z","hide":false,"infected":480,"placeId":"p1aZboN4BtRJe7hPl8cw","recovered":295,"date":"2020-02-29T05:44:40.375Z","dead":13},{"hide":false,"infected":990,"placeId":"pFhBwPnGGpQ6DLppJ6YS","recovered":842,"date":"2020-02-29T05:38:06.221Z","dead":6,"id":"yFP5deOc3VvK7U0X5zoC","createdAt":"2020-02-29T05:38:05.571Z"},{"date":"2020-02-28T03:03:14.719Z","id":"N1JuWJH15yKqZfLQPfMm","createdAt":"2020-02-28T03:03:14.719Z","hide":false,"infected":1,"placeId":"qjuvyK14eVJqBTQIHCP2"},{"date":"2020-02-28T03:00:03.281Z","id":"7QW9s0O8yh2iDmxfPhpr","createdAt":"2020-02-28T03:00:03.281Z","hide":false,"infected":1,"placeId":"qpAxVz0garcS0gNZxtOw","recovered":1},{"id":"ehVMptzX3Qew0elOk1Eg","createdAt":"2020-02-28T03:02:12.528Z","hide":false,"infected":1,"placeId":"qsrWiq0qCmIG66hpWojP","date":"2020-02-28T03:02:12.528Z"},{"recovered":16,"date":"2020-02-29T05:53:56.031Z","dead":0,"id":"gKlJ4JNcu88swtzPLKM1","createdAt":"2020-02-29T05:53:55.458Z","hide":false,"infected":16,"placeId":"rKnSEyG03ak4YmGzonlg"},{"date":"2020-02-29T05:41:59.155Z","dead":1,"id":"756CB5bNIdUvDzliYDZX","createdAt":"2020-02-29T05:41:58.550Z","hide":false,"infected":1205,"placeId":"rgBVJ4hPofqjjchnroiY","recovered":987},{"recovered":0,"date":"2020-02-28T23:30:54.249Z","dead":0,"id":"JNtT7AeYB0bnoJguMf84","createdAt":"2020-02-28T23:30:51.709Z","hide":false,"infected":"6","placeId":"rxSafpWsyKhfkV0HTtb4"},{"date":"2020-02-29T05:43:51.531Z","dead":5,"id":"S1KxQHnPLlWA2uZlge2B","createdAt":"2020-02-29T05:43:50.885Z","hide":false,"infected":168,"placeId":"sKNhMvgXeyivpNFg02RA","recovered":136},{"hide":false,"infected":318,"placeId":"sgsBhTwHxF1VVnqXbXXp","recovered":277,"date":"2020-02-29T05:45:14.912Z","dead":6,"id":"q2m7MSVvJA2wuEZgGxlU","createdAt":"2020-02-29T05:45:14.215Z"},{"date":"2020-02-28T23:29:35.574Z","dead":"0","id":"cEHGUGTBznixKFHZrNX2","createdAt":"2020-02-28T23:29:33.404Z","hide":false,"infected":1,"placeId":"sjW9OwjFqrOvjVHRXWoR","recovered":"0"},{"id":"cisyFk2UrTpiZuvCCOxU","createdAt":"2020-02-17T12:55:27.401Z","hide":false,"infected":0,"placeId":"tDOzU6efZ6waH5v8MMa4","date":"2020-02-17T12:55:27.401Z"},{"recovered":841,"date":"2020-02-29T05:38:32.574Z","dead":4,"id":"MXjQNdWXkbOSxEqY6y31","createdAt":"2020-02-29T05:38:31.969Z","hide":false,"infected":1018,"placeId":"tdNRDDrgvBQqqwzdFGh4"},{"recovered":112,"date":"2020-02-29T05:52:31.771Z","dead":2,"id":"LGbmRVCa2IXzMKDyl8O1","createdAt":"2020-02-29T05:52:31.257Z","hide":false,"infected":146,"placeId":"tyY4QSHWG9sXqSO9jm0Y"},{"date":"2020-02-29T05:47:40.565Z","dead":0,"id":"GLE0wMRBUxmCsTKu35lZ","createdAt":"2020-02-29T05:47:39.970Z","hide":false,"infected":631,"placeId":"uvxN28EpGmRq3K9REtBP","recovered":519},{"date":"2020-02-28T03:02:00.215Z","id":"7Hhu3ev5Di0YTW4q9tPd","createdAt":"2020-02-28T03:02:00.215Z","hide":false,"infected":1,"placeId":"v8JcH4FHH7BDpJlNNHjv"},{"date":"2020-02-29T00:04:43.395Z","dead":43,"id":"fNTZiP3MknHJlMTSAyHR","createdAt":"2020-02-29T00:04:41.199Z","hide":false,"infected":388,"placeId":"vkkXVaqUswO5JsMZx0mX","recovered":73},{"hide":false,"infected":5,"placeId":"wM9bhhMSiByDVwlJzTj1","date":"2020-02-28T06:45:54.759Z","id":"fIlmVpIn8mPJePwrZbeT","createdAt":"2020-02-28T06:45:54.759Z"},{"hide":false,"infected":3,"placeId":"xFgM48q8JxVPfvQLQDNb","recovered":0,"date":"2020-02-29T00:05:13.149Z","dead":0,"id":"5p4vAqSifwYqRBlKwQvq","createdAt":"2020-02-29T00:05:11.396Z"},{"date":"2020-02-28T03:08:11.262Z","id":"JOLoEgOiuryw8MYMcvwy","createdAt":"2020-02-28T03:08:11.262Z","hide":false,"infected":1,"placeId":"xHWPTTpNHEwWv6MqfxP5"},{"date":"2020-02-28T03:02:22.843Z","id":"MuMCG7L1w1YylZlRxHBO","createdAt":"2020-02-28T03:02:22.842Z","hide":false,"infected":1,"placeId":"xJMqTE93rcN0QwjaWsET"},{"id":"5IKiYEYHpyyUUzrI7CmU","createdAt":"2020-02-28T03:01:28.554Z","hide":false,"infected":1,"placeId":"xSHgaJlyPxHFWB6hhyng","date":"2020-02-28T03:01:28.554Z"},{"hide":false,"infected":1,"placeId":"xSSImELQWswRTasMDfZu","date":"2020-02-28T03:05:25.574Z","id":"koqBhuSjFlrwBezpoSf0","createdAt":"2020-02-28T03:05:25.574Z"},{"id":"MnOKgVjul9fRLUTd1SDT","createdAt":"2020-02-29T07:39:41.193Z","hide":false,"infected":8,"placeId":"yXFfRqV9eQnNiCzS2k6w","recovered":6,"date":"2020-02-29T07:39:42.333Z","dead":2},{"date":"2020-02-29T05:49:27.661Z","dead":0,"id":"vjbbTif3NPz7uGeysRv5","createdAt":"2020-02-29T05:49:27.084Z","hide":false,"infected":41,"placeId":"zvdC0u72Bk5YKNaazZFZ","recovered":28}],"places":[{"id":"0x2HLhr5z5xAtEdO4iZm","createdAt":"2020-01-26T14:29:09.886Z","latitude":35.64249,"longitude":108.472214,"country":"CN","name":"Shaanxi"},{"latitude":41.643351,"longitude":21.668393,"country":"MK","name":"North Macedonia","id":"19MvIhipqTyYv1H37Upw","createdAt":"2020-02-27T01:11:02.520Z"},{"longitude":96.779286,"country":"CN","name":"Qinghai","id":"1Fap7rZu9SIRqf5TG9Dg","createdAt":"2020-01-25T14:39:41.495Z","latitude":35.801933},{"id":"1f0YoV0vAcexEhpESyZc","createdAt":"2020-02-26T15:39:20.094Z","latitude":-14.235004,"longitude":-51.925282,"country":"BR","name":"Brazil"},{"id":"25qIBtsW2nfQj3pwBKg9","createdAt":"2020-01-31T01:31:18.045Z","latitude":30.15336,"longitude":88.787865,"country":"CN","name":"Tibet"},{"id":"2jxHvSsxdnom0nPNvOT8","createdAt":"2020-01-25T14:35:06.255Z","latitude":43.851921,"longitude":126.548103,"country":"CN","name":"Jilin"},{"id":"3iHgRIbQrp38bBH9EBR4","createdAt":"2020-02-28T06:49:55.845Z","latitude":43.610249,"longitude":3.874159,"country":"FR","name":"Montpellier"},{"latitude":53.7267,"longitude":-127.6476,"country":"CA","name":"British Columbia","id":"4hfZRUoUgI4a3vrG0GBk","createdAt":"2020-01-29T00:33:12.033Z"},{"id":"5N16a2OXXRpsEFanw0TC","createdAt":"2020-01-28T04:08:36.805Z","latitude":-31.253218,"longitude":146.921097,"country":"AU","name":"New South Wales"},{"id":"5dWKyF370Ds0uenLz4Z5","createdAt":"2020-02-02T06:11:54.337Z","latitude":34.052235,"longitude":-118.243683,"country":"US","name":"Los Angeles, CA"},{"id":"5gXZIjRgAvd6xWN1LOv8","createdAt":"2020-01-26T14:40:52.425Z","latitude":28.394857,"longitude":84.124008,"country":"NP","name":"Nepal"},{"latitude":12.879721,"longitude":121.774017,"country":"PH","name":"Philippines","id":"5pwmh7aSdGRKqRbnuyc0","createdAt":"2020-01-30T13:57:19.356Z"},{"latitude":55.621011,"longitude":23.804991,"country":"LT","name":"Lithuania","id":"694ON7d0mRJDeM1gHBTR","createdAt":"2020-02-28T03:06:16.522Z"},{"id":"6IcHIIH0zXpY0POmBZTv","createdAt":"2020-01-26T14:34:21.089Z","latitude":22.396427,"longitude":114.109497,"country":"HK","name":"Hong Kong"},{"latitude":41.256538,"longitude":-95.934502,"country":"US","name":"Omaha, NE","id":"8KDrCoMbr5HHZpp5bBIv","createdAt":"2020-02-19T02:15:03.056Z"},{"latitude":7.827693,"longitude":-5.150286,"country":"CI","name":"Cote d'Ivoire","id":"8kJbmtKeZeZmPUty7PWv","createdAt":"2020-01-28T04:21:46.445Z"},{"latitude":1.352083,"longitude":103.819839,"country":"SG","name":"Singapore","id":"8pA3fM4xC2c2wv1b4TnE","createdAt":"2020-01-26T14:36:51.603Z"},{"latitude":45.943161,"longitude":24.966761,"country":"RO","name":"Romania","id":"9QcETqEcM2fTv9zRvx5T","createdAt":"2020-02-27T01:09:04.955Z"},{"latitude":61.92411,"longitude":25.748152,"country":"FI","name":"Finland","id":"9p6OCdZbUUwBLA60Gk3W","createdAt":"2020-01-30T05:51:51.788Z"},{"latitude":27.285971,"longitude":116.01609,"country":"CN","name":"Jiangxi","id":"AmBYm5J6E9Cuez1FQjiN","createdAt":"2020-01-23T10:02:03.143Z"},{"latitude":28.033886,"longitude":1.659626,"country":"DZ","name":"Algeria","id":"AwN0CScPDApcLFgz6e3z","createdAt":"2020-02-26T02:18:52.169Z"},{"latitude":10.850516,"longitude":76.27108,"country":"IN","name":"Kerala","id":"B05tcRxZlMUSyed5WcAA","createdAt":"2020-01-30T13:51:08.761Z"},{"id":"B82Ef45M8cDu4q7VsSHF","createdAt":"2020-02-26T02:16:57.033Z","latitude":45.099998,"longitude":15.2,"country":"HR","name":"Croatia"},{"id":"BCFAwm0wjOZlbPfnttGd","createdAt":"2020-02-26T02:20:33.355Z","latitude":40.23985,"longitude":-100.996784,"country":"US","name":"United States (From Diamond Princess)"},{"id":"BTEESCuD2ZbS1afunR2A","createdAt":"2020-01-28T04:10:38.606Z","latitude":33.42744,"longitude":-111.94012,"country":"US","name":"Tempe, AZ"},{"latitude":26.0667,"longitude":50.557701,"country":"BH","name":"Bahrain","id":"C7cj4nwRITs13KnaJrQ2","createdAt":"2020-02-24T11:55:55.645Z"},{"latitude":31.13686,"longitude":-97.003731,"country":"US","name":"Travis, TX","id":"CK8KjeQLH6mLRhteAo3x","createdAt":"2020-02-22T03:30:01.299Z"},{"latitude":48.573406,"longitude":7.752111,"country":"FR","name":"Strasbourg","id":"CRpAXKi8KuqbY7tGx7OW","createdAt":"2020-02-26T15:53:37.766Z"},{"latitude":52.355518,"longitude":-1.17432,"country":"GB","name":"United Kingdom","id":"CrXu6i5Sqx11iwdfHfBs","createdAt":"2020-01-31T14:26:02.737Z"},{"id":"DdBt8qsG6A3g92oOR3ow","createdAt":"2020-01-26T14:38:24.096Z","latitude":22.192039,"longitude":113.551262,"country":"MO","name":"Macau"},{"latitude":40.6401,"longitude":22.9444,"country":"GR","name":"Greece","id":"Dtr1lap1RpJpXJdXGJiW","createdAt":"2020-02-26T12:56:43.059Z"},{"latitude":25.03841,"longitude":121.563698,"country":"TW","name":"Taiwan","id":"EKTfs8e7M6DXzI1HqyyX","createdAt":"2020-01-26T14:36:10.391Z"},{"latitude":33.93911,"longitude":67.709953,"country":"AF","name":"Afghanistan","id":"FCDmlmnIIswd8bQiUjfN","createdAt":"2020-02-24T11:55:36.808Z"},{"latitude":29.431585,"longitude":106.912254,"country":"CN","name":"Chongqing","id":"FErOU1m4Tj7jIkRam3vF","createdAt":"2020-01-20T10:02:03.143Z"},{"id":"FPXo9Qg11kAScF5JbHWD","createdAt":"2020-01-29T08:02:29.486Z","latitude":44.837788,"longitude":-0.57918,"country":"FR","name":"Bordeaux"},{"latitude":29.311661,"longitude":47.481766,"country":"KW","name":"Kuwait","id":"FZsUkhxBEgqsPb4eO0PN","createdAt":"2020-02-24T11:56:29.314Z"},{"longitude":69.345116,"country":"PK","name":"Pakistan","id":"GAp7Wb6IMhdgbvEtMza9","createdAt":"2020-02-27T01:08:00.245Z","latitude":30.37532},{"latitude":23.424076,"longitude":53.847816,"country":"AE","name":"United Arab Emirates","id":"GHzBIsHy2GiBc5JV2HMs","createdAt":"2020-01-29T13:25:28.222Z"},{"latitude":37.355589,"longitude":-121.951076,"country":"US","name":"Santa Clara, CA","id":"Gh46r6vuaY7fbGt3IboN","createdAt":"2020-02-02T06:12:52.802Z"},{"latitude":33.717472,"longitude":-117.831146,"country":"US","name":"Orange, CA","id":"GyRw3erENO83NSxsZ1Iw","createdAt":"2020-02-02T06:12:21.276Z"},{"latitude":42.83263,"longitude":113.750972,"country":"CN","name":"Inner Mongolia","id":"H3JeVigVbo5CSYfZG4WI","createdAt":"2020-01-26T14:31:15.593Z"},{"longitude":133.965345,"country":"AU","name":"Australia (From Diamond Princess)","id":"HCJLmlW1FaP5M0dScRWb","createdAt":"2020-02-22T03:55:18.400Z","latitude":-25.11817},{"latitude":23.363855,"longitude":113.373448,"country":"CN","name":"Guangdong","id":"IAX0OQLVnUwU7FX0ENF1","createdAt":"2020-01-23T10:02:03.143Z"},{"longitude":113.484016,"country":"CN","name":"Henan","id":"IFuMrMvSjoiX5agYvllh","createdAt":"2020-01-20T10:02:03.143Z","latitude":33.875408},{"latitude":47.605073,"longitude":-122.3304,"country":"US","name":"Seattle, WA","id":"IaIoFRxP77clckBXWQyl","createdAt":"2020-02-02T06:14:19.596Z"},{"longitude":80.771797,"country":"LK","name":"Sri Lanka","id":"KsWzJO06cf0d6LJ4ZNh9","createdAt":"2020-01-28T04:12:37.112Z","latitude":7.873054},{"latitude":61.52401,"longitude":105.318756,"country":"RU","name":"Russia","id":"KwOuGBKSMRlmwftxAvLX","createdAt":"2020-01-31T15:33:01.626Z"},{"latitude":46.1757,"longitude":6.539,"country":"FR","name":"Haute-Savoie","id":"LFMpTCKtIFYDAW2pppLo","createdAt":"2020-02-08T14:36:43.727Z"},{"latitude":36.516521,"longitude":-121.082002,"country":"US","name":"San Benito, CA","id":"LMZDH0M8KhjEgkOoUUOt","createdAt":"2020-02-03T02:20:35.179Z"},{"longitude":105.977203,"country":"CN","name":"Ningxia","id":"MntmjjuHljarCdt6aIeE","createdAt":"2020-01-26T14:34:45.601Z","latitude":37.330509},{"latitude":37.242565,"longitude":111.856857,"country":"CN","name":"Shanxi","id":"NBRIGIRrJB1Ry8prDNAC","createdAt":"2020-01-26T14:30:51.205Z"},{"latitude":41.908724,"longitude":-87.631753,"country":"US","name":"Chicago, IL","id":"PTwQr9ijo0TBBsPH2sdJ","createdAt":"2020-01-26T14:40:22.397Z"},{"latitude":-37.009609,"longitude":143.94853,"country":"AU","name":"Victoria","id":"Q18mrGvFWTLX2BU9SqhQ","createdAt":"2020-01-28T04:09:40.804Z"},{"latitude":58.595272,"longitude":25.013607,"country":"EE","name":"Estonia","id":"QR9go2hQKXjty7JHUYe4","createdAt":"2020-02-27T14:18:14.508Z"},{"longitude":-79.383186,"country":"CA","name":"Toronto, ON","id":"Rx4TuyMpfGb3S8wYJX0x","createdAt":"2020-02-04T01:11:36.441Z","latitude":43.653225},{"latitude":46.818188,"longitude":8.227512,"country":"CH","name":"Switzerland","id":"SGe9sCPayMqh6RsGFaBA","createdAt":"2020-02-26T02:17:59.804Z"},{"latitude":12.565679,"longitude":104.990967,"country":"KH","name":"Cambodia","id":"SioMALgUbo7peXmbco2f","createdAt":"2020-01-28T04:11:40.096Z"},{"latitude":55.675758,"longitude":12.56902,"country":"DK","name":"Denmark","id":"Ty1AY3VLPJcRZgdBIERx","createdAt":"2020-02-27T14:17:28.746Z"},{"id":"U0tkTJ9CGsBuFJ2Gdoum","createdAt":"2020-01-26T10:02:03.143Z","latitude":36.395859,"longitude":118.769882,"country":"CN","name":"Shandong"},{"latitude":43.94236,"longitude":12.457777,"country":"SM","name":"San Marino","id":"U12rMD5GDW58Q0lIwrB1","createdAt":"2020-02-28T03:08:24.136Z"},{"id":"U13Gy4BpRLAZ95bPmBXd","createdAt":"2020-01-26T14:38:50.302Z","latitude":36.204823,"longitude":138.25293,"country":"JP","name":"Japan"},{"latitude":25.181129,"longitude":101.864143,"country":"CN","name":"Yunnan","id":"VIf8T8PD3ZzlzAm5eBCX","createdAt":"2020-01-24T14:30:29.110Z"},{"latitude":37.188694,"longitude":-99.765976,"country":"US","name":"Ashland","id":"WkRhpamJhX0WllwtMEUD","createdAt":"2020-02-22T02:53:26.456Z"},{"longitude":118.278992,"country":"CN","name":"Fujian","id":"XBBw0iMPrmiEu3qogkbi","createdAt":"2020-01-23T14:26:38.795Z","latitude":25.92448},{"latitude":51.165691,"longitude":10.451526,"country":"DE","name":"Germany","id":"XWtMdKtp2HAFy68kPZLa","createdAt":"2020-01-28T04:13:33.513Z"},{"latitude":41.871941,"longitude":12.56738,"country":"IT","name":"Italy","id":"XdekMZcw1lJK2MWpBlNK","createdAt":"2020-01-31T03:30:16.335Z"},{"longitude":126.99778,"country":"KR","name":"South Korea","id":"Yw9uBekNlefXBcOCNMfP","createdAt":"2020-01-26T14:36:30.713Z","latitude":37.568291},{"id":"ZigOWe3u3sF64IWTTBN1","createdAt":"2020-02-22T03:34:38.784Z","latitude":29.38443,"longitude":-98.628082,"country":"US","name":"Lackland, TX"},{"id":"a9p9pAOsjg1WAjPGc2a6","createdAt":"2020-02-01T16:19:03.555Z","latitude":-30.000233,"longitude":136.209152,"country":"AU","name":"South Australia"},{"latitude":23.64407,"longitude":108.26651,"country":"CN","name":"Guangxi","id":"aTa8MiBjtH3iY0SRs2HQ","createdAt":"2020-01-24T10:02:03.143Z"},{"latitude":39.904202,"longitude":116.407394,"country":"CN","name":"Beijing","id":"alj4hkxg9cjrTxOzwFKt","createdAt":"2020-01-25T10:02:03.143Z"},{"latitude":33.22319,"longitude":43.679291,"country":"IQ","name":"Iraq","id":"b7TwXX46FA0EmH1CjHET","createdAt":"2020-02-24T11:55:01.627Z"},{"id":"bdqD4kpdqGgUaX70Tm2Q","createdAt":"2020-01-29T00:29:58.550Z","latitude":3.139,"longitude":101.6869,"country":"MY","name":"Malaysia"},{"longitude":18.643501,"country":"SE","name":"Sweden","id":"bignnyt2A8BBx8VNo32p","createdAt":"2020-01-31T18:50:41.331Z","latitude":60.128162},{"id":"cX891t0ONLNFj0MYq6La","createdAt":"2020-02-22T03:56:50.921Z","latitude":31.046051,"longitude":34.851612,"country":"IL","name":"Israel (From Diamond Princess)"},{"latitude":40.463669,"longitude":-3.74922,"country":"ES","name":"Spain","id":"d0ExINgPaWUBm3l4ioJL","createdAt":"2020-02-01T02:51:25.242Z"},{"latitude":47.516232,"longitude":14.550072,"country":"AT","name":"Austria","id":"e3BtI12qbqhE8jypOoZu","createdAt":"2020-02-26T02:16:23.409Z"},{"id":"e7P83iImanpd9r36oXK3","createdAt":"2020-01-25T14:24:12.448Z","latitude":41.097481,"longitude":122.310669,"country":"CN","name":"Liaoning"},{"id":"e9pQqQa7CEblCYoDtfKo","createdAt":"2020-01-24T10:02:03.143Z","latitude":31.230391,"longitude":121.473701,"country":"CN","name":"Shanghai"},{"latitude":42.360081,"longitude":-71.058884,"country":"US","name":"Boston, MA","id":"eCKDGssww4pF7NrxOySu","createdAt":"2020-02-02T06:11:09.992Z"},{"latitude":30.14208,"longitude":102.960701,"country":"CN","name":"Sichuan","id":"eyK5bxFkwdoAouIBvLFM","createdAt":"2020-01-24T10:02:03.143Z"},{"latitude":21.473534,"longitude":55.975414,"country":"OM","name":"Oman","id":"f9kmlhYtc3WA3kjbWszW","createdAt":"2020-02-26T02:19:37.706Z"},{"id":"fNnE9CD0SttEVrCUo1Ym","createdAt":"2020-02-09T06:16:12.654Z","latitude":35.452016,"longitude":139.664285,"country":"JP","name":"Yokahama Port (Cruise)"},{"latitude":31.160629,"longitude":112.255402,"country":"CN","name":"Hubei","id":"fiJ14DCxw15e3SMemh8R","createdAt":"2020-01-20T10:02:03.143Z"},{"id":"g0lRMtEJbucWIGqSPn0I","createdAt":"2020-02-28T03:07:05.459Z","latitude":52.132633,"longitude":5.291266,"country":"NL","name":"Netherlands"},{"latitude":49.277569,"longitude":2.46187,"country":"FR","name":"Oise","id":"g8k9VYNoQVMEeAh4yIHC","createdAt":"2020-02-28T02:50:46.225Z"},{"latitude":42.984268,"longitude":-81.247528,"country":"CA","name":"London, ON","id":"g93vYzplUjSlZyA1PNCo","createdAt":"2020-02-04T01:10:43.805Z"},{"id":"iGkTscdD0XyHFSP23Qrp","createdAt":"2020-01-24T14:31:42.510Z","latitude":35.751835,"longitude":104.28611,"country":"CN","name":"Gansu"},{"latitude":39.343357,"longitude":117.361649,"country":"CN","name":"Tianjin","id":"jMlHjIOb7eMPSxFBrmG1","createdAt":"2020-01-25T14:29:40.295Z"},{"id":"lhPjpn6CzqTRDN0RW8uE","createdAt":"2020-01-26T14:35:25.297Z","latitude":42.524635,"longitude":87.539589,"country":"CN","name":"Xinjiang"},{"id":"lttI3X3Jk2hd5f6zhIcL","createdAt":"2020-02-22T03:44:48.734Z","latitude":38.4747,"longitude":-121.3542,"country":"US","name":"Sacramento County, CA"},{"latitude":32.713385,"longitude":-117.136489,"country":"US","name":"San Diego County, CA","id":"lzqBStWQPkPIcDqa4tcZ","createdAt":"2020-02-11T09:25:22.307Z"},{"latitude":38.925259,"longitude":-122.117203,"country":"US","name":"Yolo County","id":"mxm13QBEr08fqoy6pfUN","createdAt":"2020-02-27T14:19:19.893Z"},{"latitude":-20.917574,"longitude":142.702789,"country":"AU","name":"Queensland","id":"oxz2l1rJipCsfMfy8Mmk","createdAt":"2020-01-30T05:50:03.008Z"},{"longitude":128.738235,"country":"CN","name":"Heilongjiang","id":"p1aZboN4BtRJe7hPl8cw","createdAt":"2020-01-25T14:28:37.600Z","latitude":47.121647},{"latitude":32.026379,"longitude":117.252747,"country":"CN","name":"Anhui","id":"pFhBwPnGGpQ6DLppJ6YS","createdAt":"2020-01-20T10:02:03.143Z"},{"latitude":49.894066,"longitude":2.295753,"country":"FR","name":"Amiens","id":"qjuvyK14eVJqBTQIHCP2","createdAt":"2020-02-26T15:52:30.534Z"},{"latitude":50.503887,"longitude":4.469936,"country":"BE","name":"Belgium","id":"qpAxVz0garcS0gNZxtOw","createdAt":"2020-02-04T13:01:59.728Z"},{"latitude":29.424122,"longitude":-98.493629,"country":"US","name":"San Antonio, TX","id":"qsrWiq0qCmIG66hpWojP","createdAt":"2020-02-14T15:22:51.202Z"},{"latitude":14.058324,"longitude":108.277199,"country":"VN","name":"Vietnam","id":"rKnSEyG03ak4YmGzonlg","createdAt":"2020-01-26T14:39:26.900Z"},{"id":"rgBVJ4hPofqjjchnroiY","createdAt":"2020-01-24T10:02:03.143Z","latitude":29.159849,"longitude":120.326447,"country":"CN","name":"Zhejiang"},{"latitude":60.472023,"longitude":8.468946,"country":"NO","name":"Norway","id":"rxSafpWsyKhfkV0HTtb4","createdAt":"2020-02-27T01:08:29.595Z"},{"latitude":19.566395,"longitude":109.949684,"country":"CN","name":"Hainan","id":"sKNhMvgXeyivpNFg02RA","createdAt":"2020-01-25T14:08:47.479Z"},{"id":"sgsBhTwHxF1VVnqXbXXp","createdAt":"2020-01-25T14:30:07.793Z","latitude":37.89566,"longitude":114.904221,"country":"CN","name":"Hebei"},{"latitude":42.3154,"longitude":43.3569,"country":"GE","name":"Georgia","id":"sjW9OwjFqrOvjVHRXWoR","createdAt":"2020-02-27T01:09:42.732Z"},{"latitude":34.722443,"longitude":103.691656,"country":"CN","name":"Undisclosed Location in China","id":"tDOzU6efZ6waH5v8MMa4","createdAt":"2020-02-03T02:28:35.648Z"},{"latitude":27.3818,"longitude":111.510681,"country":"CN","name":"Hunan","id":"tdNRDDrgvBQqqwzdFGh4","createdAt":"2020-01-20T10:02:03.143Z"},{"latitude":26.842964,"longitude":107.290283,"country":"CN","name":"Guizhou","id":"tyY4QSHWG9sXqSO9jm0Y","createdAt":"2020-01-26T14:33:41.495Z"},{"latitude":32.93708,"longitude":119.151932,"country":"CN","name":"Jiangsu","id":"uvxN28EpGmRq3K9REtBP","createdAt":"2020-01-26T14:05:49.606Z"},{"latitude":26.820553,"longitude":30.802498,"country":"EG","name":"Egypt","id":"v8JcH4FHH7BDpJlNNHjv","createdAt":"2020-02-15T00:26:28.345Z"},{"longitude":53.688046,"country":"IR","name":"Iran","id":"vkkXVaqUswO5JsMZx0mX","createdAt":"2020-02-20T01:50:11.050Z","latitude":32.42791},{"latitude":46.444377,"longitude":2.429645,"country":"FR","name":"France","id":"wM9bhhMSiByDVwlJzTj1","createdAt":"2020-02-28T06:45:31.217Z"},{"latitude":34.08267,"longitude":35.918113,"country":"LB","name":"Lebanon","id":"xFgM48q8JxVPfvQLQDNb","createdAt":"2020-02-22T03:46:16.508Z"},{"latitude":9.081999,"longitude":8.675277,"country":"NG","name":"Nigeria","id":"xHWPTTpNHEwWv6MqfxP5","createdAt":"2020-02-28T03:07:49.315Z"},{"id":"xJMqTE93rcN0QwjaWsET","createdAt":"2020-02-21T15:54:21.143Z","latitude":35.823559,"longitude":-88.915878,"country":"US","name":"Humboldt County, CA"},{"latitude":43.073051,"longitude":-89.40123,"country":"US","name":"Madison, WI","id":"xSHgaJlyPxHFWB6hhyng","createdAt":"2020-02-06T01:31:37.508Z"},{"latitude":45.89978,"longitude":6.12835,"country":"FR","name":"Annecy","id":"xSSImELQWswRTasMDfZu","createdAt":"2020-02-27T14:33:57.897Z"},{"latitude":48.856613,"longitude":2.352222,"country":"FR","name":"Paris","id":"yXFfRqV9eQnNiCzS2k6w","createdAt":"2020-01-29T08:01:55.882Z"},{"latitude":15.870032,"longitude":100.992538,"country":"TH","name":"Thailand","id":"zvdC0u72Bk5YKNaazZFZ","createdAt":"2020-01-26T14:34:00.486Z"}]}